{"val_loss": [1.2038008281707764, 1.049430153274536, 0.9837877234458924, 0.8225101212501525, 0.7434194175720215, 0.670018717956543, 0.6720014297485352, 0.6436093899726868, 0.9210440839767456, 1.5500856811523438, 1.1698362003326417, 0.982394675064087, 0.8088120672225952, 0.7301412372589111, 0.9918534734725952, 0.7019753313064575, 0.6595047976493835, 0.6795113324165344, 0.5703944568634033, 0.5842353430747986, 0.5973087643623352, 0.5697792005538941, 0.559480393409729, 0.5755659021377564, 0.6010313674926758, 0.5761127907752991, 0.5829673500061036, 0.5721180500984192, 0.5652384754180908, 0.6095349078178406, 0.592453742980957, 0.6197646360397339, 0.5858855297088623, 0.5809128820419311, 0.5597428844451904, 0.5684557510375976, 0.5938695066452027, 0.565283422756195, 0.574959407043457, 0.6008438671112061, 0.593145255279541, 0.5863980361938477, 0.5885428568840027, 0.6183711953163147, 0.6018637715339661, 0.5931395709991455], "val_acc": [0.5831, 0.6345, 0.668, 0.7159, 0.7418, 0.7624, 0.7694, 0.7799, 0.7098, 0.4717, 0.6069, 0.6663, 0.7207, 0.7529, 0.6709, 0.7622, 0.7735, 0.7677, 0.802, 0.7981, 0.793, 0.804, 0.8107, 0.8114, 0.8056, 0.8126, 0.8163, 0.8087, 0.8141, 0.811, 0.8138, 0.8149, 0.8188, 0.8206, 0.8234, 0.8242, 0.821, 0.8269, 0.8221, 0.8211, 0.8235, 0.8242, 0.8254, 0.8297, 0.8248, 0.8312], "loss": [1.6358280113601684, 1.1664406461715697, 0.9821482341384887, 0.8796539120483399, 0.8036434523773194, 0.7308098789596558, 0.6750296418762207, 0.6416093808746338, 0.5929987236499786, 1.6283186901473998, 1.175292987804413, 0.9813307071590424, 0.8724789220046997, 0.7905104664421082, 0.7285080220413208, 0.6791754948043823, 0.6337507008743286, 0.5930530393791199, 0.5537466321754455, 0.5190281489181519, 0.490778170337677, 0.46151017526626587, 0.43778565059661867, 0.4190952824783325, 0.4033393092918396, 0.3741453594493866, 0.3533592779159546, 0.3379983296585083, 0.3259431559276581, 0.30229798209190367, 0.2966238285303116, 0.28722395398139955, 0.27836521965026856, 0.2550904486656189, 0.2534637661910057, 0.24474619482040405, 0.23805347714424133, 0.2295181942510605, 0.22304825607538223, 0.21361704988002778, 0.20330792659282684, 0.1989924062395096, 0.19819413785457612, 0.19113954307556152, 0.18309311806201936, 0.18269698315143584], "acc": [0.45616, 0.59862, 0.66022, 0.69656, 0.7212, 0.74618, 0.76468, 0.77412, 0.79016, 0.4573, 0.5956, 0.65862, 0.69634, 0.72396, 0.74598, 0.76158, 0.77922, 0.79236, 0.8053, 0.81722, 0.82906, 0.83766, 0.8456, 0.85136, 0.85882, 0.86804, 0.87494, 0.8797, 0.88452, 0.89248, 0.89396, 0.8979, 0.9007, 0.90984, 0.90988, 0.91376, 0.91514, 0.91898, 0.9202, 0.92346, 0.92652, 0.92816, 0.92912, 0.93074, 0.93396, 0.93558]}